<?xml version="1.0"?>
<doc>
    <assembly>
        <name>HttpLibraryV3</name>
    </assembly>
    <members>
        <member name="T:HttpLibrary.HttpRequest">
            <summary>
            HttpRequest class for handeling http requests
            </summary>
        </member>
        <member name="M:HttpLibrary.HttpRequest.#ctor(System.Byte[],System.String,System.Net.Sockets.Socket)">
            <summary>
            Class constructor
            </summary>
            <param name="buffer">Recieved buffer</param>
            <param name="FilesPath">Server files Location</param>
            <param name="Connection">Current active socket</param>
        </member>
        <member name="M:HttpLibrary.HttpRequest.#ctor(System.Net.Sockets.Socket,HttpLibrary.RamString,System.Int32,System.String)">
            <summary>
            Class constructor which initializes used with an external ram 23K640
            </summary>
            <param name="Connection">Current socket</param>
            <param name="RamBuffer">RamString passed</param>
            <param name="DataSize">Available read size</param>
            <param name="FilesPath">Files storage path</param>
        </member>
        <member name="P:HttpLibrary.HttpRequest.QueryString">
            <summary>
            Gets the http request entire string
            </summary>
        </member>
        <member name="P:HttpLibrary.HttpRequest.FilesPath">
            <summary>
            Gets where server files are located
            </summary>
        </member>
        <member name="P:HttpLibrary.HttpRequest.HttpMethod">
            <summary>
            Gets the http method GET or POST or null
            </summary>
        </member>
        <member name="P:HttpLibrary.HttpRequest.Length">
            <summary>
            Gets the request length
            </summary>
        </member>
        <member name="P:HttpLibrary.HttpRequest.HostAddress">
            <summary>
            Gets the remote host address
            </summary>
        </member>
        <member name="P:HttpLibrary.HttpRequest.Connection">
            <summary>
            Gets the current active socket
            </summary>
        </member>
        <member name="P:HttpLibrary.HttpRequest.RequestedFile">
            <summary>
            Gets the requested page or file
            </summary>
        </member>
        <member name="P:HttpLibrary.HttpRequest.Item(System.String)">
            <summary>
            Indexer to find values submitted by a form html
            </summary>
            <param name="value">Value name</param>
            <returns></returns>
        </member>
        <member name="T:HttpLibrary.HttpUtility">
            <summary>
            Utility Class used for generating headers for multiple file types
            </summary>
        </member>
        <member name="M:HttpLibrary.HttpUtility.GenerateHeaderString(HttpLibrary.HttpUtility.FileType,System.Int64)">
            <summary>
            Generates a mime type header string based on the file length and type
            </summary>
            <param name="Type">File type</param>
            <param name="FileLength">File length</param>
            <returns></returns>
        </member>
        <member name="M:HttpLibrary.HttpUtility.GenerateHeaderBytes(HttpLibrary.HttpUtility.FileType,System.Int64)">
            <summary>
            Generates a mime type header byte array based on the file length and type
            </summary>
            <param name="Type">File type</param>
            <param name="FileLength">File length</param>
            <returns></returns>
        </member>
        <member name="T:HttpLibrary.HttpUtility.FileType">
            <summary>
            File type enumeration
            </summary>
        </member>
        <member name="F:HttpLibrary.HttpUtility.FileType.JPEG">
            <summary>
            Image jpeg
            </summary>
        </member>
        <member name="F:HttpLibrary.HttpUtility.FileType.GIF">
            <summary>
            Image gif
            </summary>
        </member>
        <member name="F:HttpLibrary.HttpUtility.FileType.Html">
            <summary>
            Html text
            </summary>
        </member>
        <member name="F:HttpLibrary.HttpUtility.FileType.CSS">
            <summary>
            CSS text
            </summary>
        </member>
        <member name="F:HttpLibrary.HttpUtility.FileType.PNG">
            <summary>
            Image png
            </summary>
        </member>
        <member name="F:HttpLibrary.HttpUtility.FileType.JAVASCRIPT">
            <summary>
            Java script
            </summary>
        </member>
        <member name="T:HttpLibrary.Configuration">
            <summary>
            Configuration class for holding server configuration
            </summary>
        </member>
        <member name="F:HttpLibrary.Configuration.IpAddress">
            <summary>
            Listening ip address
            </summary>
        </member>
        <member name="F:HttpLibrary.Configuration.SubnetMask">
            <summary>
            Network mask
            </summary>
        </member>
        <member name="F:HttpLibrary.Configuration.DefaultGateWay">
            <summary>
            Network default gateway
            </summary>
        </member>
        <member name="F:HttpLibrary.Configuration.ListenPort">
            <summary>
            Listening port
            </summary>
        </member>
        <member name="M:HttpLibrary.Configuration.#ctor(System.String,System.String,System.String,System.Int32)">
            <summary>
            Class constructor
            </summary>
            <param name="IpAddress">Listening ip address</param>
            <param name="SubnetMask">Network mask</param>
            <param name="DefaultGateWay">Default gateway</param>
            <param name="ListenPort">Listening port</param>
        </member>
        <member name="M:HttpLibrary.Configuration.#ctor(System.Int32)">
            <summary>
            Class constructor, initializes configuration as DHCP
            </summary>
            <param name="ListenPort">Listening port</param>
        </member>
        <member name="M:HttpLibrary.Configuration.ToString">
            <summary>
            Override of ToString() method
            </summary>
            <returns>A string with configuration parameters each followed by a new line</returns>
        </member>
        <member name="P:HttpLibrary.Configuration.DhcpEnabled">
            <summary>
            Gets if Dhcp is Enabled
            </summary>
        </member>
        <member name="T:HttpLibrary.RamString">
            <summary>
            Class for handling ram strings
            </summary>
        </member>
        <member name="M:HttpLibrary.RamString.#ctor(HttpLibrary.RamStream)">
            <summary>
            Class constructor, initializes position to address 0
            </summary>
            <param name="stream">RamStream object</param>
        </member>
        <member name="M:HttpLibrary.RamString.#ctor(HttpLibrary.RamStream,System.Int32)">
            <summary>
            Class constructor, initializes position to a specified address
            </summary>
            <param name="stream">RamStream object</param>
            <param name="address">address to store strings</param>
        </member>
        <member name="M:HttpLibrary.RamString.Write(System.String)">
            <summary>
            Writes a string into ram
            </summary>
            <param name="value">String to write</param>
        </member>
        <member name="M:HttpLibrary.RamString.Write(System.Char[])">
            <summary>
            Writes a char array into ram
            </summary>
            <param name="value">char array value</param>
        </member>
        <member name="M:HttpLibrary.RamString.Write(System.Byte[])">
            <summary>
            Writes a byte array on to ram
            </summary>
            <param name="value">byte array value</param>
        </member>
        <member name="M:HttpLibrary.RamString.IndexOf(System.String)">
            <summary>
            Returns the first index of the containing value else -1 (same as string.IndexOf(..))
            </summary>
            <param name="Containing">Value to search</param>
            <returns></returns>
        </member>
        <member name="M:HttpLibrary.RamString.BeginWrite(System.Int32)">
            <summary>
            Use this function to write strings with custom length.
            Use WriteSingle() with it
            Use EndWrite() after finishing
            </summary>
            <param name="address">Start address</param>
        </member>
        <member name="M:HttpLibrary.RamString.WriteSingle(System.Byte)">
            <summary>
            Used with BeginWrite() and EndWrite() to write a byte value
            </summary>
            <param name="value">Value to write</param>
        </member>
        <member name="M:HttpLibrary.RamString.WriteSingle(System.Char)">
            <summary>
            Used with BeginWrite() and EndWrite() to write a char value
            </summary>
            <param name="value">Value to write</param>
        </member>
        <member name="M:HttpLibrary.RamString.EndWrite">
            <summary>
            Terminates the written string and the string is ready to manipulate
            </summary>
        </member>
        <member name="M:HttpLibrary.RamString.ToString">
            <summary>
            Prints the string from the ram
            </summary>
            <returns></returns>
        </member>
        <member name="P:HttpLibrary.RamString.Length">
            <summary>
            String length
            </summary>
        </member>
        <member name="P:HttpLibrary.RamString.Position">
            <summary>
            Ram adress where the string is stored
            </summary>
        </member>
        <member name="P:HttpLibrary.RamString.Item(System.Int32)">
            <summary>
            Gets the character available specified by the address
            </summary>
            <param name="index">Address</param>
            <returns>Character</returns>
        </member>
        <member name="T:HttpLibrary.ErrorEventArgs">
            <summary>
            ErrorEventArgs class for holding server error arguments
            </summary>
        </member>
        <member name="M:HttpLibrary.ErrorEventArgs.#ctor(System.String)">
            <summary>
            Class constructor
            </summary>
            <param name="event_message">Error message</param>
        </member>
        <member name="P:HttpLibrary.ErrorEventArgs.EventMessage">
            <summary>
            Gets the error message
            </summary>
        </member>
        <member name="T:HttpLibrary.RamStream">
            <summary>
            Class for handling 23K640 Serial Ram
            </summary>
        </member>
        <member name="M:HttpLibrary.RamStream.#ctor(Microsoft.SPOT.Hardware.Cpu.Pin,Microsoft.SPOT.Hardware.Cpu.Pin)">
            <summary>
            Constructor intializes read and write at 10mhz
            </summary>
            <param name="ChipSelectPin">CS pin</param>
            <param name="HoldPin">HOLD pin</param>
        </member>
        <member name="M:HttpLibrary.RamStream.#ctor(Microsoft.SPOT.Hardware.SPI.Configuration,Microsoft.SPOT.Hardware.Cpu.Pin)">
            <summary>
            Constructor advanced configuration
            </summary>
            <param name="SpiConfiguration">SPI configuration</param>
            <param name="HoldPin">HOLD pin</param>
        </member>
        <member name="M:HttpLibrary.RamStream.Write(System.Int32,System.Byte)">
            <summary>
            Writes a byte into a specific address
            </summary>
            <param name="Address">Ram address</param>
            <param name="Data">Data to store</param>
        </member>
        <member name="M:HttpLibrary.RamStream.Write(System.Int32,System.Byte[])">
            <summary>
            Writes an array of bytes begining from a specified address
            </summary>
            <param name="Address">Ram address</param>
            <param name="buffer">Data array to store</param>
        </member>
        <member name="M:HttpLibrary.RamStream.Write(System.Int32,System.Byte[],System.Int32,System.Int32)">
            <summary>
            Writes an array of bytes begining from a specified address 
            </summary>
            <param name="Address">Ram address</param>
            <param name="buffer">Data array to store</param>
            <param name="offset">Buffer index</param>
            <param name="count">Number of bytes to store</param>
        </member>
        <member name="M:HttpLibrary.RamStream.Read(System.Int32)">
            <summary>
            Reads a byte from a specified address
            </summary>
            <param name="Address">Ram address</param>
            <returns>A single byte</returns>
        </member>
        <member name="M:HttpLibrary.RamStream.Read(System.Int32,System.Byte[])">
            <summary>
            Reads an array of bytes begining from a specified address
            </summary>
            <param name="Address">Ram address</param>
            <param name="buffer">Buffer to read</param>
        </member>
        <member name="M:HttpLibrary.RamStream.Read(System.Int32,System.Byte[],System.Int32,System.Int32)">
            <summary>
            Reads an array of bytes begining from a specified address 
            </summary>
            <param name="Address">Ram address</param>
            <param name="buffer">Buffer to read</param>
            <param name="offset">Buffer index</param>
            <param name="count">Number of bytes to read</param>
        </member>
        <member name="T:HttpLibrary.OnRequestRecievedDelegate">
            <summary>
            Delegate for Recieve event handling
            </summary>
            <param name="Request"></param>
            <param name="Response"></param>
        </member>
        <member name="T:HttpLibrary.OnServerErrorDelegate">
            <summary>
            Delegate for error event handling
            </summary>
            <param name="e"></param>
        </member>
        <member name="T:HttpLibrary.HttpServer">
            <summary>
            HttpServer class that handles Http requests and respoones
            </summary>
        </member>
        <member name="M:HttpLibrary.HttpServer.OnServerErrorFunction(HttpLibrary.ErrorEventArgs)">
            <summary>
            Used in event firing
            </summary>
            <param name="Error">Parameter</param>
        </member>
        <member name="M:HttpLibrary.HttpServer.OnRequestReceivedFunction(HttpLibrary.HttpRequest,HttpLibrary.HttpResponse)">
            <summary>
            Used in event firing
            </summary>
            <param name="Request">Parameter</param>
            <param name="Response">Parameter</param>
        </member>
        <member name="M:HttpLibrary.HttpServer.#ctor(HttpLibrary.Configuration,System.String,Microsoft.SPOT.Hardware.Cpu.Pin,Microsoft.SPOT.Hardware.Cpu.Pin)">
            <summary>
            Class constructor used with 23K640 ram as an external memory recieve buffer
            </summary>
            <param name="Config">Server configuration</param>
            <param name="PagesDirectory">Pages directory</param>
            <param name="RamChipSelectPin">Chip select Pin 23K640</param>
            <param name="RamHoldPin">Hold Pin 23K640</param>
        </member>
        <member name="M:HttpLibrary.HttpServer.#ctor(HttpLibrary.Configuration,System.String)">
            <summary>
            Class constructor
            </summary>
            <param name="Config">Server configuration</param>
            <param name="PagesDirectory">Location where pages are stored</param>
        </member>
        <member name="M:HttpLibrary.HttpServer.#ctor(HttpLibrary.Configuration,HttpLibrary.Credential,System.String)">
            <summary>
            Class constructor
            </summary>
            <param name="Config">Server configuration</param>
            <param name="Security">Server credentials</param>
            <param name="PagesDirectory">Location where pages are stored</param>
        </member>
        <member name="M:HttpLibrary.HttpServer.Start">
            <summary>
            Starts the server listener 
            </summary>
        </member>
        <member name="M:HttpLibrary.HttpServer.Stop">
            <summary>
            Stops the server listener
            </summary>
        </member>
        <member name="P:HttpLibrary.HttpServer.BufferSize">
            <summary>
            Gets or sets the send buffer size
            </summary>
        </member>
        <member name="P:HttpLibrary.HttpServer.SecurityEnabled">
            <summary>
            Gets if credentials are enabled
            </summary>
        </member>
        <member name="P:HttpLibrary.HttpServer.Settings">
            <summary>
            Gets the server configuration
            </summary>
        </member>
        <member name="P:HttpLibrary.HttpServer.IsServerRunning">
            <summary>
            Gets if server is running
            </summary>
        </member>
        <member name="P:HttpLibrary.HttpServer.RunningThread">
            <summary>
            Gets the current server running thread
            </summary>
        </member>
        <member name="P:HttpLibrary.HttpServer.Security">
            <summary>
            Gets the server credentials
            </summary>
        </member>
        <member name="E:HttpLibrary.HttpServer.OnServerError">
            <summary>
            ServerError event
            </summary>
        </member>
        <member name="E:HttpLibrary.HttpServer.OnRequestReceived">
            <summary>
            RequestRecieved event
            </summary>
        </member>
        <member name="T:HttpLibrary.HttpResponse">
            <summary>
            HttpResponse Class for handeling Http responses
            </summary>
        </member>
        <member name="M:HttpLibrary.HttpResponse.#ctor(System.Byte[],System.String,System.Net.Sockets.Socket)">
            <summary>
            Class constructor
            </summary>
            <param name="buffer">Send buffer</param>
            <param name="FilesPath">Server files Location</param>
            <param name="Connection">Current active socket</param>
        </member>
        <member name="M:HttpLibrary.HttpResponse.Write(System.Byte[])">
            <summary>
            Send a data byte array
            </summary>
            <param name="Data">Data to send</param>
        </member>
        <member name="M:HttpLibrary.HttpResponse.Write(System.String)">
            <summary>
            Send Data String
            </summary>
            <param name="Str">String to send</param>
        </member>
        <member name="M:HttpLibrary.HttpResponse.Write(System.Byte[],System.Byte[])">
            <summary>
            Sends a byte array (header) followed by the data array
            </summary>
            <param name="Data">Data array</param>
            <param name="Header">Header Array</param>
        </member>
        <member name="M:HttpLibrary.HttpResponse.Write(System.String,System.String)">
            <summary>
            Send a header string followed by a data string 
            </summary>
            <param name="Str">Data string</param>
            <param name="Header">Header string</param>
        </member>
        <member name="M:HttpLibrary.HttpResponse.WriteFile(System.String)">
            <summary>
            Sends a file
            </summary>
            <param name="FileName">Full file path</param>
        </member>
        <member name="M:HttpLibrary.HttpResponse.Redirect(System.String)">
            <summary>
            Redirects client to a specified url
            </summary>
            <param name="Url">Url</param>
        </member>
        <member name="M:HttpLibrary.HttpResponse.WriteNotFound">
            <summary>
            Writes a not found page
            </summary>
        </member>
        <member name="M:HttpLibrary.HttpResponse.WriteFilesList">
            <summary>
            Sends all the files in the memory card as an index page  
            </summary>
        </member>
        <member name="P:HttpLibrary.HttpResponse.Connection">
            <summary>
            Gets the current active socket
            </summary>
        </member>
        <member name="P:HttpLibrary.HttpResponse.FilesPath">
            <summary>
            Gets where server files are located
            </summary>
        </member>
        <member name="P:HttpLibrary.HttpResponse.Buffer">
            <summary>
            Gets the response buffer
            </summary>
        </member>
        <member name="T:HttpLibrary.Credential">
            <summary>
            Credential class for holding the server security parameters
            </summary>
        </member>
        <member name="F:HttpLibrary.Credential.ServerOwner">
            <summary>
            Server name
            </summary>
        </member>
        <member name="F:HttpLibrary.Credential.UserName">
            <summary>
             Authentication username
            </summary>
        </member>
        <member name="F:HttpLibrary.Credential.Password">
            <summary>
            Authentication password
            </summary>
        </member>
        <member name="F:HttpLibrary.Credential.Key">
            <summary>
            Base64 encrypted password
            </summary>
        </member>
        <member name="M:HttpLibrary.Credential.#ctor(System.String,System.String,System.String)">
            <summary>
            Class constructor
            </summary>
            <param name="ServerOwner">Server name</param>
            <param name="UserName">Authentication username</param>
            <param name="Password">Authentication password</param>
        </member>
        <member name="M:HttpLibrary.Credential.ReadFromFile">
            <summary>
            Reads a saved credential from memory card
            </summary>
            <returns></returns>
        </member>
        <member name="M:HttpLibrary.Credential.WriteToFile(HttpLibrary.Credential)">
            <summary>
            Saves a credential to memory card
            </summary>
            <param name="Credentials"></param>
        </member>
        <member name="M:HttpLibrary.Credential.ToString">
            <summary>
            Override of ToString() method
            </summary>
            <returns>Returns a string with credential parameters each followed by a new line</returns>
        </member>
    </members>
</doc>
