<?xml version="1.0"?>
<doc>
    <assembly>
        <name>Toolbox.NETMF</name>
    </assembly>
    <members>
        <member name="T:Toolbox.NETMF.Tools">
            <summary>
            Generic, useful tools
            </summary>
        </member>
        <member name="M:Toolbox.NETMF.Tools.Hex2Dec(System.String)">
            <summary>
            Converts a Hex string to a number
            </summary>
            <param name="HexNumber">The Hex string (ex.: "0F")</param>
            <returns>The decimal value</returns>
        </member>
        <member name="M:Toolbox.NETMF.Tools.Bytes2Chars(System.Byte[])">
            <summary>
            Converts a byte array to a char array
            </summary>
            <param name="Input">The byte array</param>
            <returns>The char array</returns>
        </member>
        <member name="M:Toolbox.NETMF.Tools.Chars2Bytes(System.Char[])">
            <summary>
            Converts a char array to a byte array
            </summary>
            <param name="Input">The char array</param>
            <returns>The byte array</returns>
        </member>
        <member name="M:Toolbox.NETMF.Tools.ZeroFill(System.String,System.Int32)">
            <summary>
            Changes a number into a string and add zeros in front of it, if required
            </summary>
            <param name="Number">The input number</param>
            <param name="Digits">The amount of digits it should be</param>
            <returns>A string with the right amount of digits</returns>
        </member>
        <member name="M:Toolbox.NETMF.Tools.ZeroFill(System.Int32,System.Int32)">
            <summary>
            Changes a number into a string and add zeros in front of it, if required
            </summary>
            <param name="Number">The input number</param>
            <param name="MinLength">The amount of digits it should be</param>
            <returns>A string with the right amount of digits</returns>
        </member>
        <member name="M:Toolbox.NETMF.Tools.RawUrlEncode(System.String)">
            <summary>
            URL-encode according to RFC 3986
            </summary>
            <param name="Input">The URL to be encoded.</param>
            <returns>Returns a string in which all non-alphanumeric characters except -_.~ have been replaced with a percent (%) sign followed by two hex digits.</returns>
        </member>
        <member name="M:Toolbox.NETMF.Tools.Base64Encode(System.String)">
            <summary>
            Encodes a string according to the BASE64 standard
            </summary>
            <param name="Input">The input string</param>
            <returns>The output string</returns>
        </member>
        <member name="M:Toolbox.NETMF.Tools.Dec2Hex(System.Int32,System.Int32)">
            <summary>
            Converts a number to a Hex string
            </summary>
            <param name="Input">The number</param>
            <param name="MinLength">The minimum length of the return string (filled with 0s)</param>
            <returns>The Hex string</returns>
        </member>
    </members>
</doc>
