<?xml version="1.0"?>
<doc>
    <assembly>
        <name>Toolbox.NETMF.NET</name>
    </assembly>
    <members>
        <member name="T:Toolbox.NETMF.NET.SMTP_Client">
            <summary>
            .NETMF SMTP Client
            </summary>
        </member>
        <member name="F:Toolbox.NETMF.NET.SMTP_Client._SMTP_Auth">
            <summary>Reference to the SMTP authentication type</summary>
        </member>
        <member name="F:Toolbox.NETMF.NET.SMTP_Client._SMTP_User">
            <summary>Reference to the SMTP authentication username</summary>
        </member>
        <member name="F:Toolbox.NETMF.NET.SMTP_Client._SMTP_Pass">
            <summary>Reference to the SMTP authentication password</summary>
        </member>
        <member name="F:Toolbox.NETMF.NET.SMTP_Client._SMTP_Host">
            <summary>Reference to the SMTP-server hostname</summary>
        </member>
        <member name="F:Toolbox.NETMF.NET.SMTP_Client._SMTP_Port">
            <summary>Reference to the SMTP-server port</summary>
        </member>
        <member name="F:Toolbox.NETMF.NET.SMTP_Client._LocalHostname">
            <summary>Local host name, used for identifying the mail client</summary>
        </member>
        <member name="M:Toolbox.NETMF.NET.SMTP_Client.#ctor(System.String,System.UInt16,Toolbox.NETMF.NET.SMTP_Client.AuthenticationTypes,System.String,System.String)">
            <summary>
            Initializes a mail sender
            </summary>
            <param name="SMTP_Host">The hostname of the SMTP-server</param>
            <param name="SMTP_Port">The port of the SMTP-server (default: 25)</param>
            <param name="AuthenticationType">The form of SMTP Authentication (default: no authentication)</param>
            <param name="Username">Username for the SMTP server (when using authentication)</param>
            <param name="Password">Password for the SMTP server (when using authentication)</param>
        </member>
        <member name="M:Toolbox.NETMF.NET.SMTP_Client.Send(Toolbox.NETMF.NET.SMTP_Client.MailMessage,Toolbox.NETMF.NET.SMTP_Client.MailContact,Toolbox.NETMF.NET.SMTP_Client.MailContact[],Toolbox.NETMF.NET.SMTP_Client.MailContact[],Toolbox.NETMF.NET.SMTP_Client.MailContact[])">
            <summary>
            Sends a message
            </summary>
            <param name="Message">The message to send</param>
            <param name="From">The sender (From: header)</param>
            <param name="To">A list of recipients (To: header)</param>
            <param name="CC">A list of recipients (CC: header)</param>
            <param name="BCC">A list of recipients (in no header at all)</param>
        </member>
        <member name="M:Toolbox.NETMF.NET.SMTP_Client.Send(Toolbox.NETMF.NET.SMTP_Client.MailMessage,Toolbox.NETMF.NET.SMTP_Client.MailContact,Toolbox.NETMF.NET.SMTP_Client.MailContact)">
            <summary>
            Sends a message
            </summary>
            <param name="Message">The message to send</param>
            <param name="From">The sender (From: header)</param>
            <param name="To">The recipient (To: header)</param>
        </member>
        <member name="M:Toolbox.NETMF.NET.SMTP_Client._Send(System.String,System.String[],System.String)">
            <summary>
            Actually sends a message
            </summary>
            <param name="From">The mail address of the sender</param>
            <param name="Recipients">The mail addresses of all recipients (To, CC and BCC)</param>
            <param name="Data">The data, including headers</param>
        </member>
        <member name="M:Toolbox.NETMF.NET.SMTP_Client._RFC2822_Date">
            <summary>
            Returns the date formatted for mail headers
            </summary>
            <returns>The date formatted for mail headers</returns>
        </member>
        <member name="T:Toolbox.NETMF.NET.SMTP_Client.MailContact">
            <summary>
            Small container for mail contacts
            </summary>
        </member>
        <member name="M:Toolbox.NETMF.NET.SMTP_Client.MailContact.ToString">
            <summary>Returns the name and mail address as a string</summary>
            <returns>Returns the name and mail address as a string</returns>
        </member>
        <member name="M:Toolbox.NETMF.NET.SMTP_Client.MailContact.#ctor(System.String,System.String)">
            <summary>Creates a new mail contact</summary>
            <param name="MailAddress">The mail address of the person</param>
            <param name="Name">The full name of the person</param>
        </member>
        <member name="P:Toolbox.NETMF.NET.SMTP_Client.MailContact.Name">
            <summary>The full name of the person</summary>
        </member>
        <member name="P:Toolbox.NETMF.NET.SMTP_Client.MailContact.MailAddress">
            <summary>The mail address of the person</summary>
        </member>
        <member name="T:Toolbox.NETMF.NET.SMTP_Client.MailMessage">
            <summary>
            Container for mail messages
            </summary>
        </member>
        <member name="F:Toolbox.NETMF.NET.SMTP_Client.MailMessage._Priority">
            <summary>Contains the priority</summary>
        </member>
        <member name="M:Toolbox.NETMF.NET.SMTP_Client.MailMessage.ToString">
            <summary>Returns the mailbody</summary>
            <returns>Returns the mailbody</returns>
        </member>
        <member name="M:Toolbox.NETMF.NET.SMTP_Client.MailMessage.#ctor(System.String,System.String)">
            <summary>Creates a new mail message</summary>
            <param name="Subject">The subject of the mail</param>
            <param name="Body">The body of the mail</param>
        </member>
        <member name="P:Toolbox.NETMF.NET.SMTP_Client.MailMessage.Subject">
            <summary>The subject of the mail</summary>
        </member>
        <member name="P:Toolbox.NETMF.NET.SMTP_Client.MailMessage.Body">
            <summary>The body of the mail</summary>
        </member>
        <member name="P:Toolbox.NETMF.NET.SMTP_Client.MailMessage.ContentType">
            <summary>Content type of the mail (default: text/plain)</summary>
        </member>
        <member name="P:Toolbox.NETMF.NET.SMTP_Client.MailMessage.CharacterSet">
            <summary>Character set of the mail (default: us-ascii)</summary>
        </member>
        <member name="P:Toolbox.NETMF.NET.SMTP_Client.MailMessage.Priority">
            <summary>Defines the priority of the mail (1 to 5, default: 3)</summary>
        </member>
        <member name="T:Toolbox.NETMF.NET.SMTP_Client.AuthenticationTypes">
            <summary>
            Supported authentication types
            </summary>
        </member>
        <member name="F:Toolbox.NETMF.NET.SMTP_Client.AuthenticationTypes.None">
            <summary>No authentication is used</summary>
        </member>
        <member name="F:Toolbox.NETMF.NET.SMTP_Client.AuthenticationTypes.Login">
            <summary>Login authentication is used</summary>
        </member>
        <member name="T:Toolbox.NETMF.NET.SimpleSocket">
            <summary>
            Simplifies usage of TCP sockets in .NETMF
            </summary>
        </member>
        <member name="F:Toolbox.NETMF.NET.SimpleSocket._Sock">
            <summary>Contains a reference to the socket</summary>
        </member>
        <member name="F:Toolbox.NETMF.NET.SimpleSocket._Hostname">
            <summary>Stores the hostname connected to</summary>
        </member>
        <member name="F:Toolbox.NETMF.NET.SimpleSocket._Port">
            <summary>Stores the TCP port connected to</summary>
        </member>
        <member name="F:Toolbox.NETMF.NET.SimpleSocket._Buffer">
            <summary>Contains the buffer of the read data</summary>
        </member>
        <member name="M:Toolbox.NETMF.NET.SimpleSocket.#ctor(System.String,System.UInt16,Toolbox.NETMF.NET.SimpleSocket.SocketProtocol)">
            <summary>
            Creates a new socket
            </summary>
            <param name="Hostname">The hostname to connect to</param>
            <param name="Port">The port to connect to</param>
            <param name="Protocol">The protocol to use (default: TCP Stream)</param>
        </member>
        <member name="M:Toolbox.NETMF.NET.SimpleSocket.Connect">
            <summary>
            Connects to the remote host
            </summary>
        </member>
        <member name="M:Toolbox.NETMF.NET.SimpleSocket.Close">
            <summary>
            Closes the connection
            </summary>
        </member>
        <member name="M:Toolbox.NETMF.NET.SimpleSocket.Send(System.String)">
            <summary>
            Sends string data to the socket
            </summary>
            <param name="Data">The string to send</param>
        </member>
        <member name="M:Toolbox.NETMF.NET.SimpleSocket.SendBinary(System.Byte[])">
            <summary>
            Sends binary data to the socket
            </summary>
            <param name="Data">The binary data to send</param>
        </member>
        <member name="M:Toolbox.NETMF.NET.SimpleSocket.Receive(System.Boolean)">
            <summary>
            Receives data from the socket
            </summary>
            <param name="Block">When true, this function will wait until there is data to return</param>
            <returns>The received data (may be empty)</returns>
        </member>
        <member name="M:Toolbox.NETMF.NET.SimpleSocket.ReceiveBinary(System.Int32)">
            <summary>
            Receives binary data from the socket (line endings aren't used with this method)
            </summary>
            <param name="Length">The amount of bytes to receive</param>
            <returns>The binary data</returns>
        </member>
        <member name="P:Toolbox.NETMF.NET.SimpleSocket.LineEnding">
            <summary>When LineEnding contains data, <see cref="M:Toolbox.NETMF.NET.SimpleSocket.Receive(System.Boolean)"/> will only return data when <see cref="P:Toolbox.NETMF.NET.SimpleSocket.LineEnding"/> is reached</summary>
        </member>
        <member name="P:Toolbox.NETMF.NET.SimpleSocket.IsConnected">
            <summary>
            Returns true when connected, otherwise false
            </summary>
        </member>
        <member name="P:Toolbox.NETMF.NET.SimpleSocket.Hostname">
            <summary>Returns the hostname this socket is configured for</summary>
        </member>
        <member name="P:Toolbox.NETMF.NET.SimpleSocket.Port">
            <summary>Returns the port number this socket is configured for</summary>
        </member>
        <member name="T:Toolbox.NETMF.NET.SimpleSocket.SocketProtocol">
            <summary>
            Supported protocols
            </summary>
        </member>
        <member name="F:Toolbox.NETMF.NET.SimpleSocket.SocketProtocol.TcpStream">
            <summary>The socket will work as a TCP Stream</summary>
        </member>
        <member name="F:Toolbox.NETMF.NET.SimpleSocket.SocketProtocol.UdpDatagram">
            <summary>The socket will work as a UDP Datagram</summary>
        </member>
    </members>
</doc>
